feedback_id,Date,Feedback_Description,Rating,Customer_id
1,2024-04-10,Good service,5,1
2,2024-04-10,Prompt delivery,4,2
3,2024-04-10,Product quality could be improved,3,3
4,2024-04-10,Very satisfied with the purchase,5,4
5,2024-04-10,Great customer service,4,5
6,2024-04-10,Product exceeded expectations,5,6
7,2024-04-10,Smooth transaction,4,7
8,2024-04-10,Excellent quality,5,8
9,2024-04-10,Quick delivery,4,9
10,2024-04-10,Good value for money,5,10
11,2024-04-10,Professional staff,4,11
12,2024-04-10,Impressed with the service,5,12
13,2024-04-10,Responsive customer support,4,13
14,2024-04-10,Highly recommend,5,14
15,2024-04-10,Satisfied with the purchase,4,15
16,2024-04-10,Good experience overall,5,16
17,2024-04-10,Excellent product,4,17
18,2024-04-10,Friendly staff,5,18
