customer_id,Name,City,State,Country,Phone_Number
1,Customer1,Los Angeles,CA,USA,1234567890
2,Customer2,Phoenix,AZ,USA,2345678901
3,Customer3,Dallas,TX,USA,3456789012
4,Customer4,New York,NY,USA,4567890123
5,Customer5,Miami,FL,USA,5678901234
6,Customer6,Chicago,IL,USA,6789012345
7,Customer7,Houston,TX,USA,7890123456
8,Customer8,Los Angeles,CA,USA,8901234567
9,Customer9,Orlando,FL,USA,9012345678
10,Customer10,Albany,NY,USA,0123456789
11,Customer11,Dallas,TX,USA,1234567890
12,Customer12,San Francisco,CA,USA,2345678901
13,Customer13,Jacksonville,FL,USA,3456789012
14,Customer14,Buffalo,NY,USA,4567890123
15,Customer15,Austin,TX,USA,5678901234
16,Customer16,San Diego,CA,USA,6789012345
17,Customer17,Tampa,FL,USA,7890123456
18,Customer18,Syracuse,NY,USA,8901234567
