Supplier_id,Supplier_Name,City,State,Country,Phone_Number
1,Supplier1,Los Angeles,CA,USA,4444444444
2,Supplier2,Phoenix,AZ,USA,5555555555
3,Supplier3,Dallas,TX,USA,6666666666
4,Supplier4,New York,NY,USA,7777777777
5,Supplier5,Miami,FL,USA,8888888888
6,Supplier6,Chicago,IL,USA,9999999999
7,Supplier7,Houston,TX,USA,1010101010
8,Supplier8,Los Angeles,CA,USA,1111111111
9,Supplier9,Orlando,FL,USA,1212121212
10,Supplier10,Albany,NY,USA,1313131313
11,Supplier11,Dallas,TX,USA,1414141414
12,Supplier12,San Francisco,CA,USA,1515151515
13,Supplier13,Jacksonville,FL,USA,1616161616
14,Supplier14,Buffalo,NY,USA,1717171717
15,Supplier15,Austin,TX,USA,1818181818
16,Supplier16,San Diego,CA,USA,1919191919
17,Supplier17,Tampa,FL,USA,2020202020
18,Supplier18,Syracuse,NY,USA,2121212121
